, bot1, bot2, bot3, 107305111, 107306007, 107405221, 107601127, 108102055, 108205031, 108207438, 108208117, 108303067, 108304034, 108306017, 109102027, 109204039, 109208064, 109703065, 109703066, 110703002, 110703004, 110703005, 110703006, 110703007, 110703009, 110703011, 110703012, 110703013, 110703014, 110703015, 110703017, 110703018, 110703019, 110703020, 110703021, 110703022, 110703023, 110703024, 110703025, 110703026, 110703028, 110703029, 110703037, 110703038, 110703039, 110703040, 110703041, 110703043, 110703044, 110703045, 110703046, 110703047, 110703048, 110703049, 110703050, 110703051, 110703052, 110703053, 110703054, 110703055, 110703057, 110703058, 110703059, 110703060, 110703061, 110703062, 110703064, 110703065
bot1, -, -, -, -, -, -, -, -, -, -, Tie, -, -, -, -, -, 109208064, -, -, -, -, -, -, -, -, -, -, -, -, -, -, -, -, -, 110703021, -, -, -, -, -, -, -, -, 110703038, -, -, -, -, -, -, -, 110703047, -, -, -, 110703051, -, -, -, -, -, -, -, -, 110703061, -, -, -
bot2, -, -, -, -, -, -, -, -, -, -, bot2, -, -, -, -, -, 109208064, -, -, -, -, -, -, -, -, -, -, -, -, -, -, -, -, -, 110703021, -, -, -, -, -, -, -, -, 110703038, -, -, -, -, -, -, -, 110703047, -, -, -, 110703051, -, -, -, -, -, -, -, -, Tie, -, -, -
bot3, -, -, -, -, -, -, -, -, -, -, Tie, -, -, -, -, -, 109208064, -, -, -, -, -, -, -, -, -, -, -, -, -, -, -, -, -, 110703021, -, -, -, -, -, -, -, -, bot3, -, -, -, -, -, -, -, 110703047, -, -, -, 110703051, -, -, -, -, -, -, -, -, 110703061, -, -, -
107305111, -, -, -, -, -, -, -, -, -, -, 107305111, -, -, -, -, -, 107306007, -, -, -, -, -, -, -, -, -, -, -, -, -, -, -, -, -, 107405221, -, -, -, -, -, -, -, -, 107601127, -, -, -, -, -, -, -, 108102055, -, -, -, 108205031, -, -, -, -, -, -, -, -, 108207438, -, -, -
107306007, -, -, -, -, -, -, -, -, -, -, 107306007, -, -, -, -, -, 107306007, -, -, -, -, -, -, -, -, -, -, -, -, -, -, -, -, -, 107405221, -, -, -, -, -, -, -, -, 107601127, -, -, -, -, -, -, -, 108102055, -, -, -, 107306007, -, -, -, -, -, -, -, -, 107306007, -, -, -
107405221, -, -, -, -, -, -, -, -, -, -, 107405221, -, -, -, -, -, 107306007, -, -, -, -, -, -, -, -, -, -, -, -, -, -, -, -, -, 107405221, -, -, -, -, -, -, -, -, 107405221, -, -, -, -, -, -, -, 108102055, -, -, -, 107405221, -, -, -, -, -, -, -, -, 107405221, -, -, -
107601127, -, -, -, -, -, -, -, -, -, -, Tie, -, -, -, -, -, 107306007, -, -, -, -, -, -, -, -, -, -, -, -, -, -, -, -, -, 107405221, -, -, -, -, -, -, -, -, 107601127, -, -, -, -, -, -, -, 108102055, -, -, -, 108205031, -, -, -, -, -, -, -, -, 108207438, -, -, -
108102055, -, -, -, -, -, -, -, -, -, -, 108102055, -, -, -, -, -, 107306007, -, -, -, -, -, -, -, -, -, -, -, -, -, -, -, -, -, 108102055, -, -, -, -, -, -, -, -, 107601127, -, -, -, -, -, -, -, 108102055, -, -, -, 108205031, -, -, -, -, -, -, -, -, 108102055, -, -, -
108205031, -, -, -, -, -, -, -, -, -, -, 108205031, -, -, -, -, -, 107306007, -, -, -, -, -, -, -, -, -, -, -, -, -, -, -, -, -, 107405221, -, -, -, -, -, -, -, -, 107601127, -, -, -, -, -, -, -, 108205031, -, -, -, 108205031, -, -, -, -, -, -, -, -, 108205031, -, -, -
108207438, -, -, -, -, -, -, -, -, -, -, 108207438, -, -, -, -, -, 107306007, -, -, -, -, -, -, -, -, -, -, -, -, -, -, -, -, -, 107405221, -, -, -, -, -, -, -, -, 107601127, -, -, -, -, -, -, -, 108102055, -, -, -, 108205031, -, -, -, -, -, -, -, -, 108207438, -, -, -
108208117, 108208117, 108208117, 108208117, 107305111, 107306007, 107405221, 107305111, 108102055, 107305111, 107305111, 108208117, 107305111, 108304034, 107305111, 109102027, 109204039, 107306007, 109703065, Tie, 110703002, 110703004, 110703005, 110703006, 107305111, 110703009, Tie, Tie, 107305111, 110703014, 110703015, 110703017, 110703018, 110703019, 110703020, 107405221, 107305111, 107305111, Tie, 110703025, 107305111, 107305111, -, 110703037, 107601127, 110703039, 107305111, 110703041, 107305111, 107305111, Tie, 110703046, 108102055, 107305111, 110703049, 107305111, 108205031, 107305111, 107305111, 110703054, 110703055, 110703057, 110703058, 107305111, Tie, Tie, 107305111, 107305111, 107305111
108303067, -, -, -, -, -, -, -, -, -, -, 108303067, -, -, -, -, -, 107306007, -, -, -, -, -, -, -, -, -, -, -, -, -, -, -, -, -, 107405221, -, -, -, -, -, -, -, -, 107601127, -, -, -, -, -, -, -, 108102055, -, -, -, 108205031, -, -, -, -, -, -, -, -, 108207438, -, -, -
108304034, -, -, -, -, -, -, -, -, -, -, 108304034, -, -, -, -, -, 107306007, -, -, -, -, -, -, -, -, -, -, -, -, -, -, -, -, -, 107405221, -, -, -, -, -, -, -, -, 107601127, -, -, -, -, -, -, -, 108304034, -, -, -, 108304034, -, -, -, -, -, -, -, -, 108304034, -, -, -
108306017, -, -, -, -, -, -, -, -, -, -, Tie, -, -, -, -, -, 107306007, -, -, -, -, -, -, -, -, -, -, -, -, -, -, -, -, -, 107405221, -, -, -, -, -, -, -, -, 107601127, -, -, -, -, -, -, -, 108102055, -, -, -, 108205031, -, -, -, -, -, -, -, -, 108207438, -, -, -
109102027, -, -, -, -, -, -, -, -, -, -, 109102027, -, -, -, -, -, 107306007, -, -, -, -, -, -, -, -, -, -, -, -, -, -, -, -, -, 107405221, -, -, -, -, -, -, -, -, 109102027, -, -, -, -, -, -, -, 109102027, -, -, -, 108205031, -, -, -, -, -, -, -, -, 109102027, -, -, -
109204039, -, -, -, -, -, -, -, -, -, -, 109204039, -, -, -, -, -, 107306007, -, -, -, -, -, -, -, -, -, -, -, -, -, -, -, -, -, 107405221, -, -, -, -, -, -, -, -, 107601127, -, -, -, -, -, -, -, 108102055, -, -, -, 108205031, -, -, -, -, -, -, -, -, 109204039, -, -, -
109208064, 109208064, 109208064, 109208064, 107306007, 107306007, 107306007, 107306007, 107306007, 107306007, 107306007, 107306007, 107306007, 107306007, 107306007, 107306007, 107306007, 107306007, 107306007, 107306007, 107306007, 107306007, 110703005, 107306007, 107306007, 107306007, 110703011, 107306007, 107306007, 107306007, 107306007, 107306007, 107306007, 107306007, 110703020, 107405221, 107306007, 107306007, 107306007, 110703025, 107306007, 107306007, -, 107306007, 107601127, 107306007, 107306007, 107306007, 107306007, 107306007, Tie, 107306007, 109208064, 107306007, 110703049, 107306007, 109208064, 107306007, 107306007, 107306007, 107306007, 107306007, 107306007, 107306007, 107306007, 109208064, 107306007, 107306007, 107306007
109703065, -, -, -, -, -, -, -, -, -, -, 109703065, -, -, -, -, -, 107306007, -, -, -, -, -, -, -, -, -, -, -, -, -, -, -, -, -, 107405221, -, -, -, -, -, -, -, -, 107601127, -, -, -, -, -, -, -, 109703065, -, -, -, 109703065, -, -, -, -, -, -, -, -, 109703065, -, -, -
109703066, -, -, -, -, -, -, -, -, -, -, 109703066, -, -, -, -, -, 107306007, -, -, -, -, -, -, -, -, -, -, -, -, -, -, -, -, -, 107405221, -, -, -, -, -, -, -, -, 107601127, -, -, -, -, -, -, -, 108102055, -, -, -, 108205031, -, -, -, -, -, -, -, -, Tie, -, -, -
110703002, -, -, -, -, -, -, -, -, -, -, 110703002, -, -, -, -, -, 107306007, -, -, -, -, -, -, -, -, -, -, -, -, -, -, -, -, -, 107405221, -, -, -, -, -, -, -, -, 110703002, -, -, -, -, -, -, -, 108102055, -, -, -, 108205031, -, -, -, -, -, -, -, -, 110703002, -, -, -
110703004, -, -, -, -, -, -, -, -, -, -, 110703004, -, -, -, -, -, 107306007, -, -, -, -, -, -, -, -, -, -, -, -, -, -, -, -, -, 107405221, -, -, -, -, -, -, -, -, 107601127, -, -, -, -, -, -, -, 108102055, -, -, -, 108205031, -, -, -, -, -, -, -, -, 108207438, -, -, -
110703005, -, -, -, -, -, -, -, -, -, -, 110703005, -, -, -, -, -, 107306007, -, -, -, -, -, -, -, -, -, -, -, -, -, -, -, -, -, 107405221, -, -, -, -, -, -, -, -, 107601127, -, -, -, -, -, -, -, 110703005, -, -, -, 110703005, -, -, -, -, -, -, -, -, 110703005, -, -, -
110703006, -, -, -, -, -, -, -, -, -, -, Tie, -, -, -, -, -, 107306007, -, -, -, -, -, -, -, -, -, -, -, -, -, -, -, -, -, 107405221, -, -, -, -, -, -, -, -, 107601127, -, -, -, -, -, -, -, 108102055, -, -, -, 108205031, -, -, -, -, -, -, -, -, 110703006, -, -, -
110703007, -, -, -, -, -, -, -, -, -, -, 107305111, -, -, -, -, -, 107306007, -, -, -, -, -, -, -, -, -, -, -, -, -, -, -, -, -, 107405221, -, -, -, -, -, -, -, -, 107601127, -, -, -, -, -, -, -, 108102055, -, -, -, 108205031, -, -, -, -, -, -, -, -, 108207438, -, -, -
110703009, -, -, -, -, -, -, -, -, -, -, 110703009, -, -, -, -, -, 107306007, -, -, -, -, -, -, -, -, -, -, -, -, -, -, -, -, -, 107405221, -, -, -, -, -, -, -, -, 110703009, -, -, -, -, -, -, -, 110703009, -, -, -, Tie, -, -, -, -, -, -, -, -, 110703009, -, -, -
110703011, -, -, -, -, -, -, -, -, -, -, 110703011, -, -, -, -, -, 107306007, -, -, -, -, -, -, -, -, -, -, -, -, -, -, -, -, -, 107405221, -, -, -, -, -, -, -, -, 107601127, -, -, -, -, -, -, -, 110703011, -, -, -, 110703011, -, -, -, -, -, -, -, -, Tie, -, -, -
110703012, -, -, -, -, -, -, -, -, -, -, 110703012, -, -, -, -, -, 107306007, -, -, -, -, -, -, -, -, -, -, -, -, -, -, -, -, -, 107405221, -, -, -, -, -, -, -, -, 107601127, -, -, -, -, -, -, -, 108102055, -, -, -, 108205031, -, -, -, -, -, -, -, -, Tie, -, -, -
110703013, -, -, -, -, -, -, -, -, -, -, 107305111, -, -, -, -, -, 107306007, -, -, -, -, -, -, -, -, -, -, -, -, -, -, -, -, -, 107405221, -, -, -, -, -, -, -, -, 107601127, -, -, -, -, -, -, -, 108102055, -, -, -, 108205031, -, -, -, -, -, -, -, -, 108207438, -, -, -
110703014, -, -, -, -, -, -, -, -, -, -, 110703014, -, -, -, -, -, 110703014, -, -, -, -, -, -, -, -, -, -, -, -, -, -, -, -, -, 110703014, -, -, -, -, -, -, -, -, 107601127, -, -, -, -, -, -, -, 110703014, -, -, -, 110703014, -, -, -, -, -, -, -, -, 110703014, -, -, -
110703015, -, -, -, -, -, -, -, -, -, -, Tie, -, -, -, -, -, 107306007, -, -, -, -, -, -, -, -, -, -, -, -, -, -, -, -, -, 107405221, -, -, -, -, -, -, -, -, 107601127, -, -, -, -, -, -, -, 108102055, -, -, -, 108205031, -, -, -, -, -, -, -, -, 108207438, -, -, -
110703017, -, -, -, -, -, -, -, -, -, -, 110703017, -, -, -, -, -, 107306007, -, -, -, -, -, -, -, -, -, -, -, -, -, -, -, -, -, 107405221, -, -, -, -, -, -, -, -, 107601127, -, -, -, -, -, -, -, 110703017, -, -, -, 110703017, -, -, -, -, -, -, -, -, 110703017, -, -, -
110703018, -, -, -, -, -, -, -, -, -, -, 110703018, -, -, -, -, -, 107306007, -, -, -, -, -, -, -, -, -, -, -, -, -, -, -, -, -, 110703018, -, -, -, -, -, -, -, -, 110703018, -, -, -, -, -, -, -, 108102055, -, -, -, 110703018, -, -, -, -, -, -, -, -, Tie, -, -, -
110703019, -, -, -, -, -, -, -, -, -, -, 110703019, -, -, -, -, -, 107306007, -, -, -, -, -, -, -, -, -, -, -, -, -, -, -, -, -, 110703019, -, -, -, -, -, -, -, -, 107601127, -, -, -, -, -, -, -, 108102055, -, -, -, 108205031, -, -, -, -, -, -, -, -, 110703019, -, -, -
110703020, -, -, -, -, -, -, -, -, -, -, 110703020, -, -, -, -, -, 107306007, -, -, -, -, -, -, -, -, -, -, -, -, -, -, -, -, -, 107405221, -, -, -, -, -, -, -, -, 110703020, -, -, -, -, -, -, -, 108102055, -, -, -, 110703020, -, -, -, -, -, -, -, -, 110703020, -, -, -
110703021, 110703021, 110703021, 110703021, 107405221, 107405221, 107405221, 107405221, 107405221, 107405221, 107405221, 107405221, 107405221, 107405221, 107405221, 107405221, 107405221, 109208064, 107405221, 107405221, 107405221, 107405221, 107405221, 107405221, 107405221, 107405221, 107405221, 107405221, 107405221, 107405221, 107405221, 110703017, 110703018, 107405221, 107405221, 110703021, 107405221, 107405221, 107405221, 107405221, 107405221, 107405221, -, 107405221, 110703021, 110703039, 107405221, 110703041, 107405221, 107405221, Tie, 107405221, 110703021, 107405221, 110703049, 107405221, 110703021, 107405221, 107405221, 110703054, 107405221, 107405221, 107405221, 107405221, 107405221, 110703021, 107405221, 107405221, 107405221
110703022, -, -, -, -, -, -, -, -, -, -, Tie, -, -, -, -, -, 107306007, -, -, -, -, -, -, -, -, -, -, -, -, -, -, -, -, -, 107405221, -, -, -, -, -, -, -, -, 107601127, -, -, -, -, -, -, -, 108102055, -, -, -, 108205031, -, -, -, -, -, -, -, -, 108207438, -, -, -
110703023, -, -, -, -, -, -, -, -, -, -, -, -, -, -, -, -, -, -, -, -, -, -, -, -, -, -, -, -, -, -, -, -, -, -, -, -, -, -, -, -, -, -, -, -, -, -, -, -, -, -, -, -, -, -, -, -, -, -, -, -, -, -, -, -, -, -, -, -
110703024, -, -, -, -, -, -, -, -, -, -, 110703024, -, -, -, -, -, 107306007, -, -, -, -, -, -, -, -, -, -, -, -, -, -, -, -, -, 107405221, -, -, -, -, -, -, -, -, 110703024, -, -, -, -, -, -, -, 108102055, -, -, -, 108205031, -, -, -, -, -, -, -, -, 110703024, -, -, -
110703025, -, -, -, -, -, -, -, -, -, -, 110703025, -, -, -, -, -, 110703025, -, -, -, -, -, -, -, -, -, -, -, -, -, -, -, -, -, 107405221, -, -, -, -, -, -, -, -, 107601127, -, -, -, -, -, -, -, 108102055, -, -, -, 108205031, -, -, -, -, -, -, -, -, 110703025, -, -, -
110703026, -, -, -, -, -, -, -, -, -, -, 110703026, -, -, -, -, -, 107306007, -, -, -, -, -, -, -, -, -, -, -, -, -, -, -, -, -, 107405221, -, -, -, -, -, -, -, -, 107601127, -, -, -, -, -, -, -, 108102055, -, -, -, 108205031, -, -, -, -, -, -, -, -, Tie, -, -, -
110703028, -, -, -, -, -, -, -, -, -, -, 107305111, -, -, -, -, -, 107306007, -, -, -, -, -, -, -, -, -, -, -, -, -, -, -, -, -, 107405221, -, -, -, -, -, -, -, -, 107601127, -, -, -, -, -, -, -, 108102055, -, -, -, 108205031, -, -, -, -, -, -, -, -, 108207438, -, -, -
110703029, -, -, -, -, -, -, -, -, -, -, -, -, -, -, -, -, -, -, -, -, -, -, -, -, -, -, -, -, -, -, -, -, -, -, -, -, -, -, -, -, -, -, -, -, -, -, -, -, -, -, -, -, -, -, -, -, -, -, -, -, -, -, -, -, -, -, -, -
110703037, -, -, -, -, -, -, -, -, -, -, 110703037, -, -, -, -, -, 107306007, -, -, -, -, -, -, -, -, -, -, -, -, -, -, -, -, -, 107405221, -, -, -, -, -, -, -, -, 110703037, -, -, -, -, -, -, -, 108102055, -, -, -, 108205031, -, -, -, -, -, -, -, -, 110703037, -, -, -
110703038, 110703038, 110703038, 110703038, 107601127, 107306007, 107601127, 107601127, 107601127, 107601127, 108207438, 107601127, 107601127, 107601127, 107601127, 107601127, 107601127, 107601127, 107601127, 107601127, 107601127, 107601127, 107601127, 107601127, 107601127, 110703009, 107601127, 107601127, 107601127, 107601127, 107601127, 107601127, 107601127, 107601127, 107601127, 107601127, 107601127, 107601127, 107601127, 107601127, 107601127, 107601127, -, 107601127, 110703038, 107601127, 107601127, 107601127, 107601127, 107601127, Tie, 107601127, 110703038, 107601127, 110703049, 107601127, 108205031, 107601127, 107601127, 107601127, 107601127, 107601127, 107601127, 107601127, 107601127, 110703038, 107601127, 107601127, 107601127
110703039, -, -, -, -, -, -, -, -, -, -, 110703039, -, -, -, -, -, 107306007, -, -, -, -, -, -, -, -, -, -, -, -, -, -, -, -, -, 110703039, -, -, -, -, -, -, -, -, 110703039, -, -, -, -, -, -, -, 108102055, -, -, -, 110703039, -, -, -, -, -, -, -, -, 110703039, -, -, -
110703040, -, -, -, -, -, -, -, -, -, -, -, -, -, -, -, -, -, -, -, -, -, -, -, -, -, -, -, -, -, -, -, -, -, -, -, -, -, -, -, -, -, -, -, -, -, -, -, -, -, -, -, -, -, -, -, -, -, -, -, -, -, -, -, -, -, -, -, -
110703041, -, -, -, -, -, -, -, -, -, -, 110703041, -, -, -, -, -, 107306007, -, -, -, -, -, -, -, -, -, -, -, -, -, -, -, -, -, 107405221, -, -, -, -, -, -, -, -, 110703041, -, -, -, -, -, -, -, 108102055, -, -, -, 108205031, -, -, -, -, -, -, -, -, 110703041, -, -, -
110703043, -, -, -, -, -, -, -, -, -, -, -, -, -, -, -, -, -, -, -, -, -, -, -, -, -, -, -, -, -, -, -, -, -, -, -, -, -, -, -, -, -, -, -, -, -, -, -, -, -, -, -, -, -, -, -, -, -, -, -, -, -, -, -, -, -, -, -, -
110703044, -, -, -, -, -, -, -, -, -, -, Tie, -, -, -, -, -, 107306007, -, -, -, -, -, -, -, -, -, -, -, -, -, -, -, -, -, 107405221, -, -, -, -, -, -, -, -, 107601127, -, -, -, -, -, -, -, 108102055, -, -, -, 108205031, -, -, -, -, -, -, -, -, 108207438, -, -, -
110703045, -, -, -, -, -, -, -, -, -, -, 110703045, -, -, -, -, -, 107306007, -, -, -, -, -, -, -, -, -, -, -, -, -, -, -, -, -, 110703045, -, -, -, -, -, -, -, -, 107601127, -, -, -, -, -, -, -, 108102055, -, -, -, 108205031, -, -, -, -, -, -, -, -, 110703045, -, -, -
110703046, -, -, -, -, -, -, -, -, -, -, 110703046, -, -, -, -, -, 107306007, -, -, -, -, -, -, -, -, -, -, -, -, -, -, -, -, -, 107405221, -, -, -, -, -, -, -, -, 107601127, -, -, -, -, -, -, -, 108102055, -, -, -, 108205031, -, -, -, -, -, -, -, -, 110703046, -, -, -
110703047, 110703047, 110703047, 110703047, 108102055, 108102055, 107405221, 108102055, 108102055, 108102055, 108102055, 108102055, 108102055, 108304034, 108102055, 109102027, 108102055, 109208064, 109703065, 108102055, 108102055, 108102055, 110703005, 108102055, 108102055, 108102055, 110703011, 108102055, 108102055, 108102055, 108102055, 108102055, 110703018, 108102055, 108102055, 110703021, 108102055, 108102055, 108102055, 108102055, 108102055, 108102055, -, 108102055, 110703038, 108102055, 108102055, 110703041, 108102055, 108102055, Tie, 108102055, 110703047, 108102055, 110703049, 108102055, 108205031, 108102055, 108102055, 110703054, 108102055, 108102055, 108102055, 108102055, 108102055, 110703047, 108102055, 108102055, 108102055
110703048, -, -, -, -, -, -, -, -, -, -, 110703048, -, -, -, -, -, 107306007, -, -, -, -, -, -, -, -, -, -, -, -, -, -, -, -, -, 107405221, -, -, -, -, -, -, -, -, 107601127, -, -, -, -, -, -, -, 108102055, -, -, -, 108205031, -, -, -, -, -, -, -, -, 110703048, -, -, -
110703049, -, -, -, -, -, -, -, -, -, -, 110703049, -, -, -, -, -, 110703049, -, -, -, -, -, -, -, -, -, -, -, -, -, -, -, -, -, 107405221, -, -, -, -, -, -, -, -, 110703049, -, -, -, -, -, -, -, 110703049, -, -, -, 110703049, -, -, -, -, -, -, -, -, 110703049, -, -, -
110703050, -, -, -, -, -, -, -, -, -, -, 110703050, -, -, -, -, -, 107306007, -, -, -, -, -, -, -, -, -, -, -, -, -, -, -, -, -, 107405221, -, -, -, -, -, -, -, -, 107601127, -, -, -, -, -, -, -, 108102055, -, -, -, 108205031, -, -, -, -, -, -, -, -, 108207438, -, -, -
110703051, 110703051, 110703051, 110703051, 108205031, 108205031, 108205031, 108205031, 108205031, 108205031, 108205031, 108205031, 108205031, 108304034, 108205031, 109102027, 108205031, 109208064, 108205031, 108205031, 108205031, 108205031, 108205031, 108205031, 108205031, 110703009, 110703011, 108205031, 108205031, 108205031, 108205031, 110703017, 108205031, 108205031, 108205031, 110703021, 108205031, 108205031, 108205031, 108205031, 108205031, 108205031, -, 108205031, 110703038, 108205031, 108205031, 108205031, 108205031, 108205031, Tie, 108205031, 108205031, 108205031, 110703049, 108205031, 110703051, 108205031, 108205031, 108205031, 108205031, 108205031, 108205031, 108205031, 108205031, 110703051, 108205031, 108205031, 108205031
110703052, -, -, -, -, -, -, -, -, -, -, -, -, -, -, -, -, -, -, -, -, -, -, -, -, -, -, -, -, -, -, -, -, -, -, -, -, -, -, -, -, -, -, -, -, -, -, -, -, -, -, -, -, -, -, -, -, -, -, -, -, -, -, -, -, -, -, -, -
110703053, -, -, -, -, -, -, -, -, -, -, 110703053, -, -, -, -, -, 107306007, -, -, -, -, -, -, -, -, -, -, -, -, -, -, -, -, -, 107405221, -, -, -, -, -, -, -, -, 107601127, -, -, -, -, -, -, -, 108102055, -, -, -, 108205031, -, -, -, -, -, -, -, -, 108207438, -, -, -
110703054, -, -, -, -, -, -, -, -, -, -, 110703054, -, -, -, -, -, 107306007, -, -, -, -, -, -, -, -, -, -, -, -, -, -, -, -, -, 107405221, -, -, -, -, -, -, -, -, 110703054, -, -, -, -, -, -, -, 110703054, -, -, -, 108205031, -, -, -, -, -, -, -, -, 110703054, -, -, -
110703055, -, -, -, -, -, -, -, -, -, -, Tie, -, -, -, -, -, 107306007, -, -, -, -, -, -, -, -, -, -, -, -, -, -, -, -, -, 107405221, -, -, -, -, -, -, -, -, 107601127, -, -, -, -, -, -, -, 108102055, -, -, -, 108205031, -, -, -, -, -, -, -, -, 110703055, -, -, -
110703057, -, -, -, -, -, -, -, -, -, -, 110703057, -, -, -, -, -, 107306007, -, -, -, -, -, -, -, -, -, -, -, -, -, -, -, -, -, 107405221, -, -, -, -, -, -, -, -, 107601127, -, -, -, -, -, -, -, 108102055, -, -, -, 108205031, -, -, -, -, -, -, -, -, 110703057, -, -, -
110703058, -, -, -, -, -, -, -, -, -, -, 110703058, -, -, -, -, -, 107306007, -, -, -, -, -, -, -, -, -, -, -, -, -, -, -, -, -, 107405221, -, -, -, -, -, -, -, -, 107601127, -, -, -, -, -, -, -, 108102055, -, -, -, 108205031, -, -, -, -, -, -, -, -, 110703058, -, -, -
110703059, -, -, -, -, -, -, -, -, -, -, Tie, -, -, -, -, -, 107306007, -, -, -, -, -, -, -, -, -, -, -, -, -, -, -, -, -, 107405221, -, -, -, -, -, -, -, -, 107601127, -, -, -, -, -, -, -, 108102055, -, -, -, 108205031, -, -, -, -, -, -, -, -, 108207438, -, -, -
110703060, -, -, -, -, -, -, -, -, -, -, Tie, -, -, -, -, -, 107306007, -, -, -, -, -, -, -, -, -, -, -, -, -, -, -, -, -, 107405221, -, -, -, -, -, -, -, -, 107601127, -, -, -, -, -, -, -, 108102055, -, -, -, 108205031, -, -, -, -, -, -, -, -, 108207438, -, -, -
110703061, 110703061, bot2, 110703061, 108207438, 107306007, 107405221, 108207438, 108102055, 108207438, 108207438, 108207438, 108207438, 108304034, 108207438, 109102027, 109204039, 109208064, 109703065, Tie, 110703002, 110703004, 110703005, 110703006, 108207438, 110703009, Tie, Tie, 108207438, 110703014, 110703015, 110703017, 110703018, 110703019, 110703020, 110703021, 108207438, 108207438, Tie, 110703025, 108207438, 108207438, -, 110703037, 110703038, 110703039, 108207438, 110703041, 108207438, 108207438, Tie, 110703046, 110703047, 108207438, 110703049, 108207438, 110703051, 108207438, 108207438, 110703054, 110703055, 110703057, 110703058, 108207438, Tie, Tie, 108207438, 108207438, 108207438
110703062, -, -, -, -, -, -, -, -, -, -, 110703062, -, -, -, -, -, 107306007, -, -, -, -, -, -, -, -, -, -, -, -, -, -, -, -, -, 107405221, -, -, -, -, -, -, -, -, 107601127, -, -, -, -, -, -, -, 108102055, -, -, -, 108205031, -, -, -, -, -, -, -, -, 108207438, -, -, -
110703064, -, -, -, -, -, -, -, -, -, -, 110703064, -, -, -, -, -, 107306007, -, -, -, -, -, -, -, -, -, -, -, -, -, -, -, -, -, 107405221, -, -, -, -, -, -, -, -, 107601127, -, -, -, -, -, -, -, 108102055, -, -, -, 108205031, -, -, -, -, -, -, -, -, 108207438, -, -, -
110703065, -, -, -, -, -, -, -, -, -, -, 107305111, -, -, -, -, -, 107306007, -, -, -, -, -, -, -, -, -, -, -, -, -, -, -, -, -, 110703065, -, -, -, -, -, -, -, -, 107601127, -, -, -, -, -, -, -, 108102055, -, -, -, 108205031, -, -, -, -, -, -, -, -, 108207438, -, -, -
